dominant_topic,topic_esg_impact
0,0.8133893672229692
1,0.8994965488142536
2,0.919455033691283
3,0.8720322071402826
4,0.8858984317893217
